INSERT INTO catagory(
category_id, name, description, parent_id) 
VALUES (1, "Electronics", "Latest gadgets and electronics", 1),
(2, "Fashion", "Apparel and accessories", 2),
(3, "Home", "Home appliances",3),
(4, "Books", "Books from various", 4),
(5, "Sports", "Outdoor sports",5),
(6, "Health", "wellness",1) ,
(7, "Automotive", "Car accessories", 2),
(8, "Toys", "Toys", 3),
(9, "Pet Supplies", "supplies", 4),
(10, "Grocery", "Everyday grocery", 5);

INSERT INTO users(
user_id,name,contact,role)
VALUES (1,"Frederick Hammond","732-852","Seller"),
(2,"Lauren Murphy","227-536","Seller"),
(3,"Mrs. Chelsea Carroll","(776)910-0951","Administrator"),
(4,"Isaac Ryan","+1-626-530","Administrator"),
(5,"Joseph Casey","524-148","Seller"),
(6,"Donna Cooper","896.397","Administrator"),
(7,"Jose Garrett","264.565.159","Seller"),
(8,"Susan Miller","+1-503-549","Seller"),
(9,"Danny Mcclure","507-207-6609","Administrator"),
(10,"Mr. Jeremy Holmes","701-561-0592","Administrator"),
(11,"Cynthia Martinez","659.607.0133","Administrator"),
(12,"Monica Armstrong","+1-030-439","Administrator"),
(13,"Curtis Burgess","001-392-168","Seller"),
(14,"Timothy Padilla","546-046-1754","Seller"),
(15,"Michael Davis","411.820.0224","Seller"),
(16,"Natasha Russell","919.307.6219","Seller"),
(17,"Ashley Morrison","001-301-455-1354x75253","Administrator"),
(18,"Walter Dominguez","+1-861-503-7869x22568","Administrator"),
(19,"James Jones","8078080027","Administrator"),
(20,"Anthony Gaines","1810295112","Seller"),
(21,"Christopher Rojas","654-159-0450x7495","Administrator"),
(22,"Angelica Nguyen","298-166-7371x548","Administrator"),
(23,"Mary Munoz","001-512-333-8676x64804","Administrator"),
(24,"Stephen Mcclain","875.543.6131x44661","Seller"),
(25,"Nicolas Carter","001-635-103-2854x15496","Administrator"),
(26,"Jennifer Montoya","330.192.2269","Administrator"),
(27,"Thomas Johnson","316.202.9106","Administrator"),
(28,"Corey Knapp","(194)298-5806x2730","Seller"),
(29,"Thomas Porter","312-067-9550","Seller"),
(30,"Benjamin Valdez","985-929-4305x984","Seller"),
(31,"Mary Maxwell","(500)881-2238x6358","Seller"),
(32,"Duane Scott","001-315-297-1527x860","Seller"),
(33,"Rebecca Taylor","001-374-373-0752x4354","Administrator"),
(34,"Christopher Smith","+1-558-164-0546x232","Administrator"),
(35,"Justin Campbell","795.662.8355","Administrator"),
(36,"Brandon Conway","(257)153-0930x585","Seller"),
(37,"Kara Ward","141.323.1483","Seller"),
(38,"Joseph Martin","+1-941-635-3237","Seller"),
(39,"Dennis Johnson","560-190-9542","Seller"),
(40,"Brandon Hawkins","799-090-9879x7657","Administrator"),
(41,"Amy Rice","(383)380-9862","Administrator"),
(42,"Troy Clark","(157)356-4987","Administrator"),
(43,"Olivia Miller","824-953-5108x04409","Seller"),
(44,"Timothy Williams","001-756-317-7034","Seller"),
(45,"Michael Richard","(024)827-9721x324","Administrator"),
(46,"Sarah Kennedy","4018028943","Seller"),
(47,"Jessica Mack","+1-277-460-3044","Seller"),
(48,"Andrew Velez","938-461-0915x50765","Administrator"),
(49,"Charles Casey","848-3140","Administrator"),
(50,"Dr. Anne Humphrey","3982601177","Administrator");



INSERT INTO address(
id,user_id,pin,city,state
)
VALUES (1, 47, "1185", "Michelleport", "Utah"),
(2, 39, "18900", "West Natashaton", "Hawaii"),
(3, 25, "91302", "Heatherborough", "New York"),
(4, 33, "29977", "Hollandfurt", "Idaho"),
(5, 49, "52298", "Williamborough", "South Carolina"),
(6, 1, "61070", "South Jenniferland", "Vermont"),
(7, 21, "98517", "Robersonhaven", "Tennessee"),
(8, 5, "21032", "Collinstown", "Minnesota"),
(9, 17, "45221", "Angelaview", "Utah"),
(10, 1, "54123", "Travisview", "Connecticut"),
(11, 33, "70280", "West Kylemouth", "Florida"),
(12, 1, "16243", "New Kevinton", "Hawaii"),
(13, 40, "19710", "Sharonport", "Vermont"),
(14, 43, "83492", "East Jessica", "Tennessee"),
(15, 40, "87590", "New Russellborough", "Colorado"),
(16, 48, "29137", "Barreraport", "Massachusetts"),
(17, 11, "97416", "West Sean", "Kentucky"),
(18, 18, "30608", "Lake Robin", "Massachusetts"),
(19, 6, "79589", "South Melinda", "Texas"),
(20, 43, "23578", "Tammyview", "California"),
(21, 16, "96550", "North Gabrielton", "California"),
(22, 26, "10173", "Snyderfurt", "South Dakota"),
(23, 2, "37839", "Jamesport", "Delaware"),
(24, 31, "58018", "Davisport", "Florida"),
(25, 28, "63941", "South Cody", "Minnesota"),
(26, 50, "94377", "Blackside", "West Virginia"),
(27, 6, "41413", "North Ashleyport", "Rhode Island"),
(28, 28, "55367", "East Emilyview", "Tennessee"),
(29, 16, "98506", "Matthewtown", "North Carolina"),
(30, 15, "55640", "South Carlosborough", "Iowa"),
(31, 17, "15808", "East Kathy", "New Hampshire"),
(32, 5, "50543", "New Melissa", "Alabama"),
(33, 40, "60751", "New Emilyport", "Alabama"),
(34, 41, "15749", "Matthewfurt", "Illinois"),
(35, 23, "19981", "New Kevinfort", "Connecticut"),
(36, 2, "65136", "West Regina", "New Mexico"),
(37, 26, "43451", "South Prestonside", "Colorado"),
(38, 38, "1034", "West Ernestton", "Ohio"),
(39, 47, "99402", "Cantrellborough", "Florida"),
(40, 48, "78764", "Timothyhaven", "North Dakota"),
(41, 12, "3975", "Gonzalezberg", "Georgia"),
(42, 35, "33621", "Contrerasmouth", "Georgia"),
(43, 46, "10095", "Lake Larry", "Tennessee"),
(44, 1, "67969", "West Jasmine", "Delaware"),
(45, 50, "22997", "New Brandon", "Indiana"),
(46, 29, "12198", "Hallside", "Maine"),
(47, 46, "38164", "Michaelview", "Hawaii"),
(48, 47, "94529", "East Elizabethstad", "Kansas"),
(49, 32, "79224", "West Annetteside", "Florida"),
(50, 45, "77864", "West Taylorton", "Nebraska");



INSERT INTO product(
id,name,Description,price,stock_quantity,category_id
)
VALUES 
(1,"Smartphone","Latest model smartphone with high-speed processor",407.79,64,6),
(2,"Laptop","Lightweight laptop with 16GB RAM",90.3,90,1),
(3,"Bluetooth Speaker","Portable Bluetooth speaker with surround sound",75.99,139,7),
(4,"Men's T-shirt","Men's cotton T-shirt, multiple colors available",449.06,129,10),
(5,"Women's Handbag","Elegant handbag with spacious compartments",72.67,165,6),
(6,"Air Fryer","Healthy air fryer with rapid air technology",100.44,22,8),
(7,"Cookware Set","Durable cookware set, non-stick coating",282.46,34,9),
(8,"Fiction Novel","Popular fiction novel, bestselling author",413.32,52,7),
(9,"Science Book","Science book with practical insights",149.0,49,9),
(10,"Yoga Mat","Thick, durable yoga mat for comfort",304.95,94,9),
(11,"Running Shoes","Comfortable running shoes with extra cushioning",138.0,197,6),
(12,"Dumbbells","Adjustable dumbbells, 20kg",304.07,145,7),
(13,"Shampoo","Organic shampoo with natural extracts",122.5,66,1),
(14,"Face Cream","Hydrating face cream for daily use",137.34,99,8),
(15,"Car Air Freshener","Car air freshener with long-lasting fragrance",481.11,46,9),
(16,"Car Seat Cover","Universal fit car seat cover",81.15,173,9),
(17,"Puzzle Game","Challenging puzzle game for adults",280.72,160,8),
(18,"Board Game","Classic board game, family fun",182.75,78,3),
(19,"Dog Food","Nutrient-rich dog food, all breeds",393.72,43,5),
(20,"Cat Litter","Clumping cat litter, odor control",139.26,23,2),
(21,"Organic Rice","Organic rice, 1kg pack",260.66,69,3),
(22,"Olive Oil","Premium olive oil, extra virgin",190.04,69,1),
(23,"Blender","Powerful blender with multiple settings",72.44,168,3),
(24,"Mixer Grinder","Compact mixer grinder with three jars",452.23,42,7),
(25,"Earrings","Elegant stud earrings, gold plated",278.21,167,1),
(26,"Wrist Watch","Stylish wrist watch with leather strap",60.98,125,8),
(27,"Smart Watch","Smart watch with fitness tracking",42.33,153,10),
(28,"Tablet","Portable tablet with large display",257.82,68,7),
(29,"Headphones","Wireless headphones with noise cancellation",326.22,60,3),
(30,"Camera","Digital camera with HD quality",345.83,72,10),
(31,"Sunglasses","Fashionable sunglasses with UV protection",390.55,100,7),
(32,"Sneakers","Sneakers for all-day comfort",310.0,50,8),
(33,"Running Tights","Stretchable running tights, moisture-wicking",482.81,182,2),
(34,"Protein Powder","High protein powder, chocolate flavor",55.14,28,6),
(35,"Multivitamins","Multivitamin tablets for daily health",54.27,62,7),
(36,"Lip Balm","Moisturizing lip balm, SPF 15",29.2,146,1),
(37,"Nail Polish","Glossy nail polish, vibrant colors",376.33,13,3),
(38,"Bike Cover","Protective cover for bikes",131.7,106,6),
(39,"Car Vacuum Cleaner","Handheld car vacuum cleaner",492.12,14,4),
(40,"Toy Robot","Interactive toy robot, voice control",245.92,92,9),
(41,"Educational Toy","Educational toy for toddlers",127.41,162,3),
(42,"Bird Food","High-protein bird food",29.67,99,9),
(43,"Fish Tank","Glass fish tank, 20L",210.3,77,5),
(44,"Honey","Pure organic honey",155.56,111,10),
(45,"Green Tea","Green tea, 50 teabags",291.5,60,1),
(46,"Coffee Maker","Automatic coffee maker",433.86,39,3),
(47,"Juicer","Citrus juicer, stainless steel",482.49,27,10),
(48,"Wall Clock","Decorative wall clock",173.77,116,5),
(49,"Floor Lamp","Modern floor lamp",296.95,106,4),
(50,"Study Table","Wooden study table with storage",390.66,135,6);

